Index,Wallet Address,X Username,Tier,Total Balance (USD),Total ETH,Robinhood Chain (ETH),Base Chain (ETH),Arbitrum (ETH),Ethereum Mainnet (ETH),Qualification Reason
1,0x000000000000000000000000000000000000dead,"zqprobe6",GTD,$35416348.22,12648.695793,0.224560,4.411865,3.657108,12640.402260,"Balance >= $10"
2,0x0000000000000000000000000000000000000001,"probe_test_1787949335822",GTD,$176399.09,62.999675,4.085845,1.694050,0.111947,57.107833,"Balance >= $10"
3,0xaaaaaaaaaaaaaaaaaaaaaaaaaaaaaaaaaaaaaaaa,"probe_ape_8538",GTD,$86811.60,31.004142,0.000000,0.000000,0.000000,31.004142,"Balance >= $10"
4,0x1234567890123456789012345678901234567890,"@ape_tester_rh_99",GTD,$49420.54,17.650192,0.000000,0.274749,0.000000,17.375442,"Balance >= $10"
5,0x1111111111111111111111111111111111111111,"fake_probe_user2",GTD,$16009.47,5.717668,0.000488,0.000000,0.000000,5.717180,"Balance >= $10"
6,0x0000000000000000000000000000000000000002,"uniqtest2_1787949366273",GTD,$11586.78,4.138135,0.001287,0.003445,0.000719,4.132685,"Balance >= $10"
7,0x0000000000000000000000000000000000000004,"uniqtest3_1787949366544",GTD,$5321.60,1.900572,0.000000,0.000101,0.000000,1.900471,"Balance >= $10"
8,0x0000000000000000000000000000000000000003,"uniqtest_1787949365919",GTD,$4177.41,1.491931,0.000000,0.000107,0.000700,1.491124,"Balance >= $10"
9,0x06142b4b990cE6B3f004c8E8df85086E22CCB745,"@Shreyashoo",GTD,$2961.16,1.057556,0.127792,0.795117,0.001290,0.133356,"Balance >= $10"
10,0x0CCfA1c3441F3fEbDcEE067bd1Cbe3af7BBB614b,"@LeeNic17",GTD,$1270.29,0.453675,0.041856,0.301444,0.000000,0.110375,"Balance >= $10"
11,0xD88B2D4B5FEbF8d5f440DE9f4e5E216F56fEa1ba,"@furkaggn",GTD,$1131.20,0.403999,0.238860,0.151031,0.000000,0.014109,"Balance >= $10"
12,0x90Db52cEd0791c5a618A9d865A06C50a2fB8deaD,"@greenshit333",GTD,$807.19,0.288283,0.288283,0.000000,0.000000,0.000000,"Balance >= $10"
13,0x9e689001Ccd7F8502a2C5fd23a46b376ABC69742,"@sasakunnpannda",GTD,$600.79,0.214566,0.214202,0.000000,0.000000,0.000364,"Balance >= $10"
14,0xb147c1719d46b65bb2a8d49db7835322b86b897a,"ouquaevysayu",GTD,$507.85,0.181374,0.119838,0.000000,0.000000,0.061536,"Balance >= $10"
15,0x240EF91e500cE8b7ecB661815924fc05ECfEA1D0,"@guochaozhang678",GTD,$443.39,0.158353,0.000000,0.018923,0.000000,0.139430,"Balance >= $10"
16,0x46c2e6EFCeb9B4D7F92e300B8E0580D1943CE29B,"@__Ryan310",GTD,$357.05,0.127519,0.043690,0.000000,0.000000,0.083829,"Balance >= $10"
17,0x5f2eff996b7412eb38c3dd0e4e2ba456af52f772,"agrobaks",GTD,$303.34,0.108334,0.085111,0.000000,0.000000,0.023223,"Balance >= $10"
18,0xa9d73998ccee6ef8c2d0bc92a24c89828828711a,"mistyriver45",GTD,$288.11,0.102898,0.080934,0.015564,0.000000,0.006400,"Balance >= $10"
19,0x03f085d90ffd51517a301483e408cd6e55ff0c56,"ramenrebel69",GTD,$257.94,0.092120,0.067960,0.000000,0.000000,0.024160,"Balance >= $10"
20,0xd619c6ba24bd6e1f2939b79984870707a2732bcc,"@minsu8909",GTD,$251.91,0.089969,0.018146,0.052495,0.000000,0.019328,"Balance >= $10"
21,0xdc01539ab6d7d75c6dc29a0baaf7f3f9f6d1178b,"pierrep18732045",GTD,$202.86,0.072449,0.070817,0.000080,0.000000,0.001552,"Balance >= $10"
22,0xb8CB170D308e8535687A43bd1934eb1F7e9AF3c8,"@AriezmanMunaf",GTD,$194.51,0.069468,0.063443,0.001553,0.000000,0.004472,"Balance >= $10"
23,0xe6ab4a4660a4f83b75147de8214f0f8520610042,"frozenpeak09",GTD,$180.45,0.064446,0.064242,0.000016,0.000000,0.000188,"Balance >= $10"
24,0x2653116d3bdcb826ba31a709cc47ff1a87d33118,"@mescalin99",GTD,$177.39,0.063353,0.063290,0.000034,0.000000,0.000029,"Balance >= $10"
25,0x2b0d7c5f4edaec336285b6031588818c6f43bb04,"nftsquigg",GTD,$171.72,0.061329,0.035647,0.000080,0.000000,0.025603,"Balance >= $10"
26,0x0a18aBEDf3F82F22ad4Ba4B7cC25Df7A465570c0,"@0xbleki",GTD,$123.23,0.044011,0.000000,0.003436,0.000000,0.040575,"Balance >= $10"
27,0x451Bae98FE4Daf99D45d3399B5acEE2e55654c76,"@sklszoyunhamuru",GTD,$116.36,0.041558,0.010172,0.000000,0.000000,0.031386,"Balance >= $10"
28,0x697E496d9802Ac15b9b40D48d41f67DAFB4a278f,"Michell01243762",GTD,$114.44,0.040870,0.032032,0.000005,0.000001,0.008833,"Balance >= $10"
29,0x536af32f26c35c8fb48c2be240436d4c8bcbebba,"rebelgamer984",GTD,$113.93,0.040691,0.040602,0.000005,0.000000,0.000084,"Balance >= $10"
30,0x63f2d1a0c7344e918fdbc4c9331c13a5173c50ed,"eva_melamori",GTD,$109.60,0.039142,0.010602,0.000000,0.000000,0.028540,"Balance >= $10"
31,0xec3D68dc25BE091b812A67B075f4668e4E4183c3,"MaxWayld",GTD,$107.10,0.038249,0.036338,0.000846,0.000000,0.001066,"Balance >= $10"
32,0xD49A12Bde81E4218487Cffb890a661b85d248D4a,"Th3ryks",GTD,$105.93,0.037833,0.033695,0.000000,0.000000,0.004138,"Balance >= $10"
33,0xdb30ad412908b947a0637afd2491a3b032916145,"xiaoyang8791",GTD,$103.73,0.037046,0.003705,0.000000,0.000993,0.032348,"Balance >= $10"
34,0x693658afbf87aca8ae0bd91bb76017fb9d2e8331,"coffeecup55",GTD,$100.39,0.035854,0.035264,0.000084,0.000000,0.000506,"Balance >= $10"
35,0x64e7462846ecf2e1577f899cc34b76fed6425960,"@Vupk274",GTD,$99.40,0.035500,0.031653,0.001105,0.000780,0.001961,"Balance >= $10"
36,0x0c09806d119a2e46e0b5fbe02d5f6f885d724cd5,"@Boyko470",GTD,$94.29,0.033674,0.002456,0.000000,0.000000,0.031218,"Balance >= $10"
37,0x5B6c16A960F6e7B1603B3D4c420e0C0A5f6e2AFb,"@nonameme999",GTD,$91.54,0.032693,0.032457,0.000103,0.000000,0.000133,"Balance >= $10"
38,0x788fb0af189f037be0e55deeede8c1205c93867b,"startuplabno",GTD,$91.32,0.032613,0.031261,0.000000,0.000000,0.001353,"Balance >= $10"
39,0x89ec2156665C05C72E0C85B25CB29cEA5D12458e,"@giruxNft",GTD,$89.40,0.031929,0.031344,0.000483,0.000000,0.000102,"Balance >= $10"
40,0x44437060716f7c37548ccd9fec0a3a1422d30ec3,"imukuls",GTD,$83.32,0.029756,0.016340,0.000078,0.000000,0.013337,"Balance >= $10"
41,0xb8E3DfDd19b6Bf35b9Fd87F8373F7f82C53bc93C,"zenic",GTD,$78.66,0.028091,0.028091,0.000000,0.000000,0.000000,"Balance >= $10"
42,0x6243D50775F346fC1203f875DBf607C90a85aa74,"sol99nft",GTD,$72.58,0.025921,0.024479,0.001194,0.000000,0.000248,"Balance >= $10"
43,0x4c341C983A853a1794588BBC756D20BCD124470d,"gurbus_",GTD,$70.87,0.025312,0.020934,0.000001,0.000047,0.004331,"Balance >= $10"
44,0x4F248CdccE3cB678D2CCfdFB4cDa4579fB8b4F34,"@Yapstein",GTD,$67.70,0.024179,0.024130,0.000003,0.000020,0.000027,"Balance >= $10"
45,0x68B16c919df56e234F7B428f616eb78f6cA5b32E,"@mochibr3ad",GTD,$67.29,0.024032,0.016708,0.000000,0.000000,0.007324,"Balance >= $10"
46,0x6ba0a637c1f371015ab0a5d8e8c8c73398456f67,"@dxxineth",GTD,$64.27,0.022953,0.022795,0.000091,0.000000,0.000068,"Balance >= $10"
47,0x769A5c0DF873d554B3b8A0140eb4a2Fd6bC1CdB3,"Gipparr_ar",GTD,$62.56,0.022344,0.022324,0.000000,0.000000,0.000020,"Balance >= $10"
48,0xf3221ce6c0170d89ff7dc2aa999874dff28ab095,"FacebookGaming",GTD,$61.29,0.021888,0.014877,0.000000,0.000000,0.007011,"Balance >= $10"
49,0x23dd5e258bd15b120ac0db87e480769cebcb8c6b,"@Temp10116",GTD,$59.22,0.021150,0.013017,0.000169,0.005355,0.002609,"Balance >= $10"
50,0x9a8a6a491160ef695207c3177eb42677d494462b,"@OxLeeCS",GTD,$58.91,0.021041,0.020956,0.000000,0.000000,0.000085,"Balance >= $10"
51,0x80c31fa2fd8aa96b3144a026e554f70757074a53,"@0xvivlos",GTD,$58.38,0.020851,0.007238,0.001158,0.000086,0.012369,"Balance >= $10"
52,0x24CdD1615c5b40A5692f94dBA40eC653b3309727,"@moyore_",GTD,$56.76,0.020271,0.012124,0.000202,0.000000,0.007945,"Balance >= $10"
53,0xabe56a2c8423b4831f6412d24f17101a0b4d3db0,"@jaooykuy",GTD,$56.53,0.020190,0.020175,0.000014,0.000000,0.000001,"Balance >= $10"
54,0xe1017d7a224d2a54c13e414054c46e1c5cfb0fbd,"@dittsleepyhead",GTD,$55.40,0.019785,0.018697,0.000000,0.000000,0.001088,"Balance >= $10"
55,0x6478f84a88950e39CD242df5AF9E824E897AA658,"@LeeShin37179820",GTD,$50.68,0.018100,0.013271,0.000797,0.000337,0.003695,"Balance >= $10"
56,0x28f1DD1c0322Ab37FC92445c80CDE829ad69A2aD,"@mukesh_aham",GTD,$50.18,0.017922,0.003118,0.005967,0.000565,0.008272,"Balance >= $10"
57,0x983b9ca5a11e1ec1b96693311747e86146e1e531,"Joshdemps1",GTD,$49.34,0.017622,0.011308,0.000000,0.000000,0.006315,"Balance >= $10"
58,0xa87d8009ed20ea8ac371d186a7e0be16474b3082,"RiverNRoar",GTD,$48.79,0.017426,0.017327,0.000000,0.000000,0.000100,"Balance >= $10"
59,0x2Cc338EFc05b7617e1eC196033DBc3aB5397D733,"",GTD,$48.58,0.017350,0.012298,0.000405,0.000011,0.004635,"Balance >= $10"
60,0xFaaeD7D4ce2FfA63B5F0c7eabb6A71907fdb8b93,"@enesdas3",GTD,$48.29,0.017247,0.000680,0.015075,0.000000,0.001492,"Balance >= $10"
61,0x399e7fE41A3a2812A9734366AB5EE63e732c5758,"@0xalhamid",GTD,$46.48,0.016600,0.001971,0.005105,0.000000,0.009524,"Balance >= $10"
62,0x80aBfF475E84959E4941B225cbcCDdF282b655AB,"@sneak3rG",GTD,$46.20,0.016499,0.015145,0.001195,0.000000,0.000159,"Balance >= $10"
63,0xb479c37d49de1eaad920fab0b26c235757c7afc3,"@sheclk73387",GTD,$45.72,0.016327,0.016327,0.000000,0.000000,0.000000,"Balance >= $10"
64,0xccf7814732199a42aabc2736de16bb440f1e96db,"animechoices",GTD,$45.33,0.016190,0.014717,0.000000,0.000000,0.001473,"Balance >= $10"
65,0x9dc5e256cce9f0d46f0ab92ea95e005fe7c9f879,"BurgerKingBE_GG",GTD,$45.29,0.016175,0.012526,0.000000,0.000000,0.003648,"Balance >= $10"
66,0x8F299d4Abd0aAbC517201592cc2fd776057a90e3,"@torolokuooo",GTD,$44.54,0.015907,0.012666,0.001446,0.000064,0.001731,"Balance >= $10"
67,0xa695d583f95a11d2dc4662e2bc5b006457c5d1d1,"Kiet10203",GTD,$43.88,0.015672,0.015672,0.000000,0.000000,0.000000,"Balance >= $10"
68,0xfd6f9512d23adc26789c37a745f38530c00ea20e,"KedrynFuel",GTD,$43.78,0.015636,0.014453,0.000000,0.000000,0.001183,"Balance >= $10"
69,0xC08F28E46C7a332613De22Ce4eF9f636477dbC7b,"@bytevault_xx",GTD,$42.89,0.015318,0.000104,0.000001,0.000000,0.015213,"Balance >= $10"
70,0xdd11627ef2941c2044396777bcbf04d03a9e864f,"3oyzofc",GTD,$42.84,0.015299,0.015253,0.000000,0.000000,0.000046,"Balance >= $10"
71,0x74c64881774539b082be0285436510f08c8c76d9,"nft_clone",GTD,$42.49,0.015176,0.014891,0.000000,0.000000,0.000285,"Balance >= $10"
72,0xD6ddb6ad58c06d070E8Ad04641f2a4234C82c186,"@JosVara1",GTD,$42.27,0.015095,0.010471,0.002164,0.000000,0.002459,"Balance >= $10"
73,0xbb83f12545552dbd3d07471cf3ff0ca8eb6e8aff,"PixelRaven",GTD,$42.03,0.015010,0.014377,0.000000,0.000000,0.000633,"Balance >= $10"
74,0x0dd136494ef1c8a8f6735494d74d63f2e2ae5080,"Bus_hacker",GTD,$41.78,0.014920,0.013416,0.000000,0.000000,0.001504,"Balance >= $10"
75,0x60BDC4DB5B0365013980e23A372d0E1cb1B03Ed4,"@RZ_spirit",GTD,$40.70,0.014536,0.013998,0.000000,0.000000,0.000538,"Balance >= $10"
76,0x087cc7b55d9fb8b960ee3c4ab987666bba881395,"Anto_Gs6",GTD,$40.58,0.014491,0.011903,0.000000,0.000000,0.002589,"Balance >= $10"
77,0xA0c9EA7Dcd2a50FC7aD758B96356e99f04b9861d,"notslippage",GTD,$39.88,0.014243,0.012122,0.000120,0.000000,0.002001,"Balance >= $10"
78,0x257241c5c7b3bd93ae717355e7aa7983ce9822d3,"MukeshA67828539",GTD,$39.70,0.014178,0.013576,0.000000,0.000000,0.000602,"Balance >= $10"
79,0x0671d9d0c22ed0c52e677a2a505d5c52b081285b,"iamtherealak",GTD,$39.26,0.014020,0.013986,0.000000,0.000000,0.000034,"Balance >= $10"
80,0xadc7ea137f33658f0004aff46923ec7b37fdf370,"KrimoOctogone",GTD,$39.20,0.013999,0.013818,0.000000,0.000000,0.000180,"Balance >= $10"
81,0xB37Fe18B1B6C21845fbF13C367A3daA2135Ff0a8,"@hardscaleco",GTD,$38.39,0.013710,0.012988,0.000000,0.000000,0.000722,"Balance >= $10"
82,0x496429c807a0869dc97692cEDB15fC47bb463e7f,"@0xkingstonrayl",GTD,$38.30,0.013678,0.013571,0.000000,0.000000,0.000106,"Balance >= $10"
83,0x09b0d3f87218f82a8a3be99171bcce81c2c798d2,"Chumpn",GTD,$38.00,0.013572,0.011679,0.000000,0.000000,0.001893,"Balance >= $10"
84,0x1b3cd7cB46CaEBFbd61D2357dBffb544E6821da9,"@restuprasetia5",GTD,$37.72,0.013472,0.013408,0.000000,0.000000,0.000064,"Balance >= $10"
85,0xD00686af39c9972a579cF50769cC7db61eFED157,"@ralphbaceet",GTD,$37.07,0.013240,0.000575,0.000072,0.000000,0.012594,"Balance >= $10"
86,0x4915e00b676803e80b208ed46becf5f07755e6d2,"LeviatagamerXx",GTD,$36.90,0.013180,0.011315,0.000000,0.000000,0.001865,"Balance >= $10"
87,0xe88d72ac13c91eeb7af569e3192e520479c679df,"JRINFORMATICOS",GTD,$36.75,0.013126,0.011507,0.001030,0.000000,0.000590,"Balance >= $10"
88,0x58180860f8856b93d7267cad86a2f7da164db0e0,"emma_uk23",GTD,$36.66,0.013092,0.006401,0.000000,0.000000,0.006691,"Balance >= $10"
89,0xf818d4e6d663ccfe211f3a31fe2441a450c05cbd,"Orugamu1",GTD,$36.34,0.012980,0.012721,0.000000,0.000000,0.000258,"Balance >= $10"
90,0x6d033b4848c6661c5e609c4fb64ec9024b88b771,"@being_mubee_",GTD,$35.62,0.012720,0.011881,0.000839,0.000000,0.000000,"Balance >= $10"
91,0xF0B39DE459Ba00c3aA3a96976124c948c7DE6C8E,"AsruliaL",GTD,$35.48,0.012672,0.002959,0.005966,0.000000,0.003748,"Balance >= $10"
92,0x1e0a567f6e33Ac80F4D56E303985d037412d7648,"ToWn1_31ihj",GTD,$34.37,0.012273,0.012200,0.000016,0.000057,0.000000,"Balance >= $10"
93,0x364cb376d329f0da34436558a0e4ef40fb5fee5b,"ayokanmi_o",GTD,$34.34,0.012264,0.010908,0.000000,0.000000,0.001356,"Balance >= $10"
94,0x9177f7ee7e743a2cdab540c6c51ae3ff35c43ae4,"StartupGrindOM",GTD,$34.23,0.012223,0.012183,0.000000,0.000000,0.000040,"Balance >= $10"
95,0x5aD69E6101630b61aC5ACfFaFf8Ca93582B09E5d,"@doin_it_movin00",GTD,$33.57,0.011991,0.009262,0.001445,0.000000,0.001284,"Balance >= $10"
96,0x5753cd6bb11c2de83a44ac1126203e1112f65c49,"Jessica_signal2",GTD,$32.68,0.011670,0.011259,0.000000,0.000000,0.000411,"Balance >= $10"
97,0x642ee62ba0b1e501ec0bc6b38140b35cf7f864c3,"PDHM_Gaming",GTD,$32.27,0.011526,0.011410,0.000000,0.000000,0.000116,"Balance >= $10"
98,0xdf65fd379e1c6e211b63efefe082470f12cd4e15,"MozaikCoworking",GTD,$32.16,0.011486,0.009983,0.000000,0.000000,0.001502,"Balance >= $10"
99,0xefec2e8a425fd604fa7fb0a514a6e80876f2a1df,"",GTD,$31.97,0.011417,0.010244,0.000056,0.000086,0.001031,"Balance >= $10"
100,0x6c4200c8724ccb8a51791057fb50ac00c62fbcc6,"LincyAcosta",GTD,$31.54,0.011264,0.010083,0.000000,0.000000,0.001181,"Balance >= $10"
101,0x9f1f72090bd492a6b34303fb9faeaadd5cf3c8e3,"celine120578",GTD,$31.03,0.011083,0.010909,0.000000,0.000000,0.000174,"Balance >= $10"
102,0x043b10f07abd3bd5234fcb48c822a8c59385f2bd,"thatbigboi_",GTD,$30.94,0.011049,0.008603,0.000000,0.000000,0.002446,"Balance >= $10"
103,0x66984ee17f22fe86d19090ed1fbd57becc825196,"@zealongaming",GTD,$30.88,0.011028,0.010929,0.000000,0.000000,0.000100,"Balance >= $10"
104,0xd5d7a991efe93a5a58efa32241230d14d9e445c5,"NftKason",GTD,$30.46,0.010878,0.010697,0.000000,0.000000,0.000182,"Balance >= $10"
105,0xaedb98c48f74c822c1d52fa7080cc9f68d2e9ff1,"OxSuperboyt",GTD,$30.27,0.010812,0.009949,0.000225,0.000000,0.000638,"Balance >= $10"
106,0x16a3a83abe574c318cfef521853a6f17c4ae4246,"theglassmic",GTD,$30.08,0.010744,0.010142,0.000000,0.000000,0.000602,"Balance >= $10"
107,0x8008cdd0dc44e6533ceb7a8220d5121d79bb22f6,"WHUGaming",GTD,$29.88,0.010671,0.010471,0.000000,0.000000,0.000200,"Balance >= $10"
108,0xa884DeB7E52522201118058a8981A5A18D99F60C,"@rhidershark",GTD,$29.58,0.010565,0.001663,0.005158,0.000000,0.003744,"Balance >= $10"
109,0xeD4dc72557d6c7c4A9D1B65D772133ff64D2D2f5,"@cartxii",GTD,$29.52,0.010541,0.000000,0.000000,0.000000,0.010541,"Balance >= $10"
110,0x1Dc94698cC2255FE19631E795De6099E2AB23765,"@ferdo717",GTD,$29.48,0.010528,0.006488,0.000000,0.000000,0.004040,"Balance >= $10"
111,0x0ff4cee2999ca4856f58318a37e5e8bfb49e5ccc,"arthurvogel88",GTD,$29.01,0.010361,0.010264,0.000000,0.000000,0.000097,"Balance >= $10"
112,0x28e14356af544eea4211137969c225797a021ed5,"Nicholascaution",GTD,$28.96,0.010342,0.009820,0.000000,0.000000,0.000522,"Balance >= $10"
113,0xfac77de531ca96c6484f361b1157147d96b25277,"daniellorain8",GTD,$28.64,0.010227,0.010182,0.000000,0.000000,0.000045,"Balance >= $10"
114,0x8897850977e989b45e11b7a9d0b9acd163e9371e,"UoL_Gaming",GTD,$28.54,0.010194,0.009921,0.000000,0.000000,0.000273,"Balance >= $10"
115,0x93865c189e853b767656c802665340c58e7ee9c0,"romanclark3",GTD,$28.51,0.010183,0.010182,0.000000,0.000000,0.000001,"Balance >= $10"
116,0xe370E487c1089EB536Ddb8d185803D960E917c13,"@youkaiakk",GTD,$28.23,0.010082,0.009942,0.000000,0.000000,0.000140,"Balance >= $10"
117,0x5836eBcd7a9deC7DF23419A7FEfCE372b63af7D9,"@nitro_content",GTD,$28.16,0.010058,0.000424,0.001422,0.000000,0.008213,"Balance >= $10"
118,0x71d3b62d1f461909707ddaaea6b283a5be63662b,"@bangram_eth",GTD,$28.15,0.010054,0.008358,0.000130,0.000004,0.001562,"Balance >= $10"
119,0x4291c79c2f747785bcd0ee1f52f39b6dc70750d5,"fuckedwfriends",GTD,$28.08,0.010029,0.009945,0.000000,0.000000,0.000083,"Balance >= $10"
120,0xb1173d0fad474e9b2ae3668d784a5c18758d59e6,"MrNJersey",GTD,$28.06,0.010023,0.009834,0.000000,0.000000,0.000189,"Balance >= $10"
121,0xdb05cd8c2635d18a59a48b141d0bd327b0f5b82e,"mikhailcross6",GTD,$28.03,0.010012,0.010011,0.000000,0.000000,0.000001,"Balance >= $10"
122,0x4a52f2013b06b40d517cfd302431d2d93b29e02e,"erikvane91",GTD,$28.03,0.010012,0.010011,0.000000,0.000000,0.000001,"Balance >= $10"
123,0x701cec4be695b97fb5e277192faf2d4a8a0751f3,"stefanknox04",GTD,$28.03,0.010012,0.010011,0.000000,0.000000,0.000001,"Balance >= $10"
124,0xc9bbec251464815d7639b150837c51d13816e56c,"alexvance92",GTD,$28.03,0.010012,0.010011,0.000000,0.000000,0.000001,"Balance >= $10"
125,0xd1a2dc68e23a5736f00c86f5496e303959f8411a,"deniswelch4",GTD,$28.03,0.010011,0.010011,0.000000,0.000000,0.000000,"Balance >= $10"
126,0x76613d4bcb35c6bb134468cec92764bb63991b5f,"victorbrandt05",GTD,$27.97,0.009988,0.009948,0.000000,0.000000,0.000040,"Balance >= $10"
127,0xe4cc8e9a475077de14600d42b57ec0eb2fe82ac8,"maximdoyle7",GTD,$27.86,0.009949,0.009948,0.000000,0.000000,0.000001,"Balance >= $10"
128,0xda73349520dde2ef7acf923c1581d7e91fa96493,"sayonara_7512",GTD,$27.77,0.009919,0.002288,0.000661,0.001384,0.005587,"Balance >= $10"
129,0x4c35d785e322ed0df2a13086b0c82dcad20995ba,"JournoStef",GTD,$27.77,0.009916,0.009867,0.000000,0.000000,0.000050,"Balance >= $10"
130,0x10913c7f630f78117324d23413cb65486ae987ee,"jakepenguin",GTD,$27.03,0.009653,0.004308,0.000000,0.000027,0.005318,"Balance >= $10"
131,0xcA9DCeE9fe40c994968c178718DFE3BBEcA7580E,"@Animalworl23452",GTD,$26.71,0.009541,0.005193,0.000085,0.000089,0.004174,"Balance >= $10"
132,0x4188b5cbe3cef11049ef626d5a43d4f348a38a07,"ian88sha",GTD,$26.40,0.009429,0.004357,0.000000,0.000000,0.005072,"Balance >= $10"
133,0x89c1a45c6Fd03B2Fd868D45d65918D91C70121cB,"@kulubsampe94",GTD,$26.30,0.009394,0.005070,0.000647,0.000000,0.003677,"Balance >= $10"
134,0x86764C5813a4FC18E447013bB1540d975cc354fE,"yung_emma1",GTD,$26.18,0.009352,0.009328,0.000015,0.000000,0.000009,"Balance >= $10"
135,0x4aaf1e03f64a0cf205c48a563f767c5e7f185d2f,"feralcara",GTD,$26.11,0.009327,0.004055,0.000000,0.000000,0.005271,"Balance >= $10"
136,0x1d60c6ec6110b6a4435b4181ca6abb209e32c4e2,"@Esla_alm",GTD,$25.77,0.009203,0.008775,0.000000,0.000000,0.000428,"Balance >= $10"
137,0x16E658f644B90169C8251693661A0eD5026DeBd2,"@Wadezig89",GTD,$25.67,0.009168,0.007648,0.000000,0.000000,0.001519,"Balance >= $10"
138,0xD3D04255F0EDf9C2EED3E7EBE6B4a9C6D2C0DE6e,"@khalay53",GTD,$25.64,0.009156,0.009016,0.000004,0.000000,0.000135,"Balance >= $10"
139,0xf2e284319739b0bcbbbdb772fa2efd9a1a9a8b94,"@michaelinmvo",GTD,$25.46,0.009094,0.000476,0.000000,0.000000,0.008619,"Balance >= $10"
140,0xb6b4c1d2f71a7e58950b2080a9180700bcb9d84e,"Beni1902_",GTD,$25.11,0.008967,0.001708,0.000082,0.000000,0.007177,"Balance >= $10"
141,0xca4515156411376dd00319a8a93875a9b02f6e71,"@callmerndii",GTD,$24.44,0.008729,0.008621,0.000000,0.000000,0.000108,"Balance >= $10"
142,0x4bdc651dadc3d08f949a2e2f4f85353013caa45b,"taynewwiet",GTD,$23.93,0.008547,0.007374,0.000000,0.000000,0.001173,"Balance >= $10"
143,0xed39dacf2ce3c9213d41a1c0627f0f8cac49bac6,"noblehornet5",GTD,$23.55,0.008412,0.003306,0.000000,0.000000,0.005106,"Balance >= $10"
144,0x9be8085381cd85e8c87712950eaf30425881b16a,"@Hitesh30556274",GTD,$23.50,0.008393,0.007652,0.000017,0.000000,0.000723,"Balance >= $10"
145,0x9b890a2720a4519797111fae6d6d4809b256f636,"ian27",GTD,$23.32,0.008330,0.002656,0.000000,0.000000,0.005674,"Balance >= $10"
146,0xd593ab5C4334804319157166Ab3E72Ef45f399aa,"@MFebrianarya",GTD,$22.96,0.008201,0.008029,0.000081,0.000000,0.000091,"Balance >= $10"
147,0x1ae47dacd5c741b31d4c58e1dbf3c33c811a197c,"@Macoomatow",GTD,$22.89,0.008175,0.007781,0.000033,0.000000,0.000361,"Balance >= $10"
148,0x976B6Bb175A7ca25378c2C30a41b9C2b53F6a172,"canyon_fi",GTD,$22.87,0.008169,0.007907,0.000174,0.000000,0.000088,"Balance >= $10"
149,0x70f520826094464d59868c47f812cdb77a7eaa1a,"timber1995",GTD,$22.49,0.008032,0.002803,0.000000,0.000000,0.005229,"Balance >= $10"
150,0xd22bacb7b26c394a08400ea0351cb02e47c56343,"dan2005",GTD,$22.42,0.008006,0.002792,0.000100,0.000000,0.005114,"Balance >= $10"
151,0x6d1002951e7aa21011ee81071ccddb95e5837382,"anderbundamole",GTD,$22.38,0.007993,0.004040,0.000000,0.000000,0.003953,"Balance >= $10"
152,0x327cc06e8a37e50f93de3e4a05c8a92fcaaf50e4,"0xdino_eth",GTD,$22.30,0.007963,0.005745,0.000000,0.000000,0.002217,"Balance >= $10"
153,0x3557cD02bB09F2dbC47221c608e9f57Db279cFb6,"gwei_otter",GTD,$21.90,0.007823,0.007329,0.000159,0.000000,0.000335,"Balance >= $10"
154,0xC3043c8be003396006507610689b46174A99F52a,"@luis",GTD,$21.85,0.007803,0.007777,0.000007,0.000000,0.000018,"Balance >= $10"
155,0x45febdb2cd152f923575463a9703532f1fb5e68c,"ProfJrii",GTD,$21.80,0.007786,0.007717,0.000000,0.000000,0.000069,"Balance >= $10"
156,0x35037881ed904595533afb90756a79b6741b0302,"paul_fi",GTD,$21.75,0.007767,0.002582,0.000000,0.000000,0.005185,"Balance >= $10"
157,0xb732d0c8d5ab6154a91e65f36c7d62dafc5af801,"JulietteSheeri",GTD,$21.43,0.007652,0.006620,0.000042,0.000001,0.000990,"Balance >= $10"
158,0xc0b01d2f01e71cb50420a582f0be5d9712d3728b,"JourneeTatninx",GTD,$21.41,0.007645,0.006613,0.000042,0.000000,0.000990,"Balance >= $10"
159,0xb4724e5539935a2543b33974c5ce013e915981d0,"Kathyxltw",GTD,$21.40,0.007642,0.006610,0.000042,0.000000,0.000990,"Balance >= $10"
160,0x73243b50579c691fc48b2e027225db754e52fa9e,"JuliannaLesmjs",GTD,$21.38,0.007636,0.006604,0.000042,0.000000,0.000990,"Balance >= $10"
161,0x973b194e23f8621ae07ff1df98601212ab219bea,"JulietteTenciy",GTD,$21.33,0.007617,0.006585,0.000042,0.000000,0.000990,"Balance >= $10"
162,0xc75edcc6e7053c6155da0b51f295ba34fce21398,"KaylaPagelzg9",GTD,$21.31,0.007610,0.006578,0.000042,0.000001,0.000990,"Balance >= $10"
163,0xa27092ffd32f901769ce89bd097a0eff9d05d0dc,"JourneeLigerft",GTD,$21.30,0.007608,0.006576,0.000042,0.000001,0.000990,"Balance >= $10"
164,0x1a3b78c7554234d2d8449d41598fb074bca18b85,"JulianaTooe0zm",GTD,$21.30,0.007607,0.006574,0.000042,0.000001,0.000990,"Balance >= $10"
165,0x882ee59006965acfb41c883f9ee06cb433ffc7ca,"JuliaEliot1hqe",GTD,$21.29,0.007605,0.006614,0.000000,0.000000,0.000991,"Balance >= $10"
166,0xc51956d295c1fdce094731e06113ee4b02542780,"JourneeVicbikd",GTD,$21.28,0.007599,0.006609,0.000000,0.000000,0.000990,"Balance >= $10"
167,0x5d464713670d64b17e90e5889be19ebba3512856,"JuneHavilaofg5",GTD,$21.27,0.007598,0.006566,0.000042,0.000000,0.000990,"Balance >= $10"
168,0x2825ce1da65b3b0833085390cb90455000694a27,"JourneyHollrcz",GTD,$21.27,0.007596,0.006606,0.000000,0.000000,0.000990,"Balance >= $10"
169,0xc8d2942b9734c4811ce061ec4bf9ce949de21a8b,"JuneStreettjjp",GTD,$21.27,0.007595,0.006561,0.000042,0.000001,0.000991,"Balance >= $10"
170,0x378f06e38184e247e4e001deb760008a95ba8a66,"JuneSnowdedj",GTD,$21.26,0.007594,0.006605,0.000000,0.000000,0.000990,"Balance >= $10"
171,0x1630592ca4f7ab572609cf1f3a0fe6afd9565d7b,"JulietteLyp4um",GTD,$21.18,0.007563,0.006572,0.000000,0.000000,0.000991,"Balance >= $10"
172,0x3314e18ead495b5914fa5fc573a5ea5ef902e1b7,"JulietJayrlph",GTD,$21.17,0.007559,0.006569,0.000000,0.000000,0.000990,"Balance >= $10"
173,0xe524720f16aa8e364550658c4d1f43a644f5837f,"JourneeHarftsj",GTD,$20.99,0.007498,0.006464,0.000042,0.000001,0.000991,"Balance >= $10"
174,0x14c0b2105bfc1c6fb0e0e9c13f26f3aec8d11afb,"JordynFrengysk",GTD,$20.99,0.007496,0.006463,0.000042,0.000000,0.000991,"Balance >= $10"
175,0xdf17bd5892d81258768f005145214adf4bd8f16f,"JourneeAlbwr",GTD,$20.92,0.007470,0.006437,0.000042,0.000001,0.000990,"Balance >= $10"
176,0xa52440b246a959e862b775ab0dbc127b800ee0ac,"JosieBuxtoob",GTD,$20.90,0.007465,0.006433,0.000042,0.000000,0.000990,"Balance >= $10"
177,0x179479f314083d4f938268df6db74b93992a009b,"JosephineKcdnbx",GTD,$20.89,0.007460,0.006426,0.000042,0.000001,0.000991,"Balance >= $10"
178,0xa95bb80d2abc7240da524c71fc9d11d63685c7b4,"JosephineVomkf",GTD,$20.86,0.007451,0.006418,0.000042,0.000000,0.000991,"Balance >= $10"
179,0x8936de9b966e14326dfc283facf269c29b87eeb9,"RidizaTech",GTD,$20.86,0.007448,0.007366,0.000000,0.000000,0.000082,"Balance >= $10"
180,0x6c008ae330a9cbbe0228fe8ae3500f3b921f32fb,"AnimeWarriorsBZ",GTD,$20.84,0.007444,0.007402,0.000000,0.000000,0.000042,"Balance >= $10"
181,0x0da6EC05B59CCb30F64d12f16726d185e071a18a,"nubweb3",GTD,$20.80,0.007428,0.007422,0.000000,0.000006,0.000000,"Balance >= $10"
182,0xa58c62960bba96dda2dd34f2539b6f680b39ff89,"JordynHaylrj",GTD,$20.79,0.007424,0.006432,0.000000,0.000001,0.000991,"Balance >= $10"
183,0x325e4cf5028971c25b3f55ca5a8a378aec8e242e,"JosephineAngf",GTD,$20.78,0.007422,0.006431,0.000000,0.000000,0.000991,"Balance >= $10"
184,0xdd0d18a1e02d1f6c17e31ad1985b339b8e614ce8,"Jessicadrdg",GTD,$20.78,0.007420,0.006398,0.000042,0.000000,0.000981,"Balance >= $10"
185,0xfdc75f2829774e469ccafbcec36d428a7ab32a29,"SiennaQuinuzl",GTD,$20.76,0.007415,0.006405,0.000042,0.000000,0.000968,"Balance >= $10"
186,0x7317235a0B109da6fD094889b6C5E22a73eA7053,"@0xsiriusblck",GTD,$20.69,0.007389,0.007314,0.000075,0.000000,0.000000,"Balance >= $10"
187,0x01df30f1074148ab7c04c4904c5562c0b92f3f99,"JaylaWempexsow",GTD,$20.69,0.007388,0.006397,0.000042,0.000001,0.000948,"Balance >= $10"
188,0xc3e04a9bb1b3ff97b3b64c6a79e6f84bb5ddea29,"SiennaStorxffj",GTD,$20.63,0.007368,0.006400,0.000000,0.000000,0.000968,"Balance >= $10"
189,0x5edcc36f0d9335e01e584e8d713f1efd0cde91de,"SkylarDawsgk",GTD,$20.63,0.007368,0.006377,0.000042,0.000000,0.000948,"Balance >= $10"
190,0xf88f2d76adf98a53d375e335092f26a48cd97879,"JadeWestieep",GTD,$20.62,0.007366,0.006419,0.000000,0.000000,0.000946,"Balance >= $10"
191,0xe98a0ef2b9f8e797cd4c3e8538936a68067bc406,"sunio293",GTD,$20.58,0.007351,0.006341,0.000042,0.000000,0.000968,"Balance >= $10"
192,0x762c717c2c9379ae8afbe46eacb23da42dde0947,"JasmineTri5l",GTD,$20.53,0.007332,0.006384,0.000000,0.000000,0.000948,"Balance >= $10"
193,0xe1c983c3ebdfd16bf78c653650194dd2921bff5a,"aliefalmaaa",GTD,$20.42,0.007292,0.007257,0.000000,0.000000,0.000035,"Balance >= $10"
194,0x71f37cae6fbee4821b2607cb0179cee830304e4b,"JulianaDigyhbq",GTD,$20.33,0.007261,0.006229,0.000042,0.000000,0.000990,"Balance >= $10"
195,0x0e4cd8d72ea49aec7a4346057b01b555fb3a0816,"JulietFaircyv",GTD,$20.26,0.007235,0.006203,0.000042,0.000000,0.000990,"Balance >= $10"
196,0x0a556514503cadaeab6f5ce6f98be0d1ceb9e75e,"JourneyRaykmrf",GTD,$20.21,0.007219,0.006187,0.000042,0.000000,0.000990,"Balance >= $10"
197,0x0e10c6b99b30f5c4f57704d4321970f6095e0cc3,"JulietteWintrk",GTD,$20.19,0.007210,0.006177,0.000042,0.000001,0.000990,"Balance >= $10"
198,0x65fb96db2893a028c4c87814a5cb0298ce7fc98b,"JoannaSturjbqb",GTD,$19.91,0.007111,0.006089,0.000042,0.000000,0.000981,"Balance >= $10"
199,0x2196258684f7e00bcab92b4de4f12733b2f2dabe,"JordynLonggqnq",GTD,$19.90,0.007106,0.006072,0.000042,0.000001,0.000991,"Balance >= $10"
200,0x42919cd3a3de50d10c10fafa8844f5fddf9f4afd,"JoannaNewmpgyt",GTD,$19.88,0.007099,0.006076,0.000042,0.000000,0.000981,"Balance >= $10"
201,0x5dcc47b8e52a4d967f9fb039ad26f2f99ef13c94,"JosephineSqxsz",GTD,$19.85,0.007090,0.006056,0.000042,0.000001,0.000991,"Balance >= $10"
202,0xdf26bd60a8ef602771b892fdac4164a11e6b7826,"JoannaHadrbj",GTD,$19.83,0.007082,0.006059,0.000042,0.000001,0.000981,"Balance >= $10"
203,0x27eee537b3eef77cfbf676d15b8dc2317d3e2313,"JosieAlwinni",GTD,$19.81,0.007076,0.006086,0.000000,0.000000,0.000990,"Balance >= $10"
204,0x348f78f6a6492de346589a94276b63a7ac0ca1b5,"JocelynAppsnnh",GTD,$19.75,0.007053,0.006031,0.000042,0.000000,0.000981,"Balance >= $10"
205,0xb84f9a07d4027003a22b28b618e5a5013902c35f,"Jennyspijub",GTD,$19.74,0.007048,0.006025,0.000042,0.000001,0.000981,"Balance >= $10"
206,0xa86ad6638aabde90a64a0effad2449f90d38022b,"SkylarAlexey",GTD,$19.64,0.007015,0.005993,0.000042,0.000000,0.000980,"Balance >= $10"
207,0x6db3e9ae1250cb0a4a9477d3f2570279757a5682,"SerenityTycdns",GTD,$19.59,0.006998,0.006005,0.000042,0.000000,0.000951,"Balance >= $10"
208,0xe19585fcf9f5907b630f2c999322c8ba8ce553a0,"SiennaDixooi",GTD,$19.57,0.006989,0.005979,0.000042,0.000000,0.000968,"Balance >= $10"
209,0xf6ea29cb5e73da98e0eb38cb944c6e8b00854d39,"sushisamurai11",GTD,$19.45,0.006948,0.003547,0.000093,0.000000,0.003309,"Balance >= $10"
210,0xa1ae66238275252e3f2ae04b2db8e2880e86dfb5,"SiennaAllecqq",GTD,$19.28,0.006884,0.005893,0.000042,0.000000,0.000949,"Balance >= $10"
211,0xadaf971a221e00ae3702f4ba48f9971757a041af,"feather839",GTD,$19.24,0.006871,0.000000,0.000000,0.001694,0.005177,"Balance >= $10"
212,0x4f0fe746d302f572921065debe56c80441ccd163,"imcanyon",GTD,$19.13,0.006831,0.000244,0.001300,0.000000,0.005287,"Balance >= $10"
213,0x228AC6304a23cD47C8C05Fa70CDC154128c141a2,"",GTD,$19.03,0.006796,0.006544,0.000044,0.000000,0.000207,"Balance >= $10"
214,0x03e1D39C08af875ddB6CC7E92623dbDA348Ebf25,"@Custas5",GTD,$18.96,0.006772,0.000141,0.006624,0.000000,0.000007,"Balance >= $10"
215,0x9398b40726ee913f047c3b7d8da91d6f811f227c,"bigtegatakes",GTD,$18.93,0.006761,0.006561,0.000000,0.000000,0.000200,"Balance >= $10"
216,0xFa2E79c83A4681C22e02780367f093b75B76FCf2,"@0xhyu",GTD,$18.79,0.006710,0.006509,0.000000,0.000000,0.000200,"Balance >= $10"
217,0xcd3aD96897130DFde95cD1bb133da8255c60C543,"@credible_degen",GTD,$18.76,0.006702,0.006334,0.000079,0.000000,0.000289,"Balance >= $10"
218,0xc0fb8cdac57839e74502b8d53fa7be5ca9e2a3fd,"sonicrocket",GTD,$18.64,0.006659,0.000000,0.001039,0.000000,0.005620,"Balance >= $10"
219,0x66f07eb9934a6ad3406598c99c1aec65d9d6bd43,"rarewalrus2",GTD,$18.25,0.006518,0.000000,0.000237,0.000000,0.006281,"Balance >= $10"
220,0xa0c6ebb4f1f6c8d363e50f5942b66743c6537d53,"SiennaAyleqty",GTD,$18.13,0.006475,0.005479,0.000042,0.000001,0.000953,"Balance >= $10"
221,0xd9207c50dedf778150c25018bd0c8aa9af668b2c,"@Anomaliiq",GTD,$18.03,0.006439,0.006439,0.000000,0.000000,0.000000,"Balance >= $10"
222,0x69cf80f358065571ef108f0a4d7f3e273fd7123f,"solarwind774",GTD,$17.95,0.006412,0.005616,0.000000,0.000000,0.000796,"Balance >= $10"
223,0x44fbe3c4da92359b481a5165cc403e85c0488aa3,"auroraflow",GTD,$17.94,0.006409,0.005460,0.000312,0.000000,0.000637,"Balance >= $10"
224,0xf9aa802c61a1935880433937def6a4f076cac5bf,"justeagle",GTD,$17.94,0.006407,0.001156,0.000000,0.000000,0.005251,"Balance >= $10"
225,0x000004fba09dfdd43f6e1ffcb66d2e3c802f17dd,"velvetmoon11",GTD,$17.92,0.006400,0.006398,0.000000,0.000000,0.000001,"Balance >= $10"
226,0x730b775e49fbb69c536086d206bbeeee13068152,"hawk_eth",GTD,$17.85,0.006376,0.001043,0.000000,0.000000,0.005333,"Balance >= $10"
227,0x5a0541327e0A4Fa4a0467C982ab8fA13589D935A,"@ucup09_",GTD,$17.79,0.006354,0.006316,0.000038,0.000000,0.000000,"Balance >= $10"
228,0x23f08448a5dd20248c2B1a6B5aA471853c605b7a,"goldenvalley33",GTD,$17.71,0.006325,0.006325,0.000000,0.000000,0.000000,"Balance >= $10"
229,0x9f8FFCF4D57DC59056581CD9fB7C1f1592878020,"@djish1066",GTD,$17.58,0.006279,0.005875,0.000000,0.000000,0.000404,"Balance >= $10"
230,0xbd541d316fd79f3e2cba7bad296dd7d4991e8cc9,"@Simon_Kip15",GTD,$17.58,0.006278,0.006075,0.000022,0.000026,0.000154,"Balance >= $10"
231,0xd4f4081ece043fbaccf7d51ec80a6daf7679622f,"@degen_kane1",GTD,$17.57,0.006274,0.006274,0.000000,0.000000,0.000000,"Balance >= $10"
232,0x79f0b1ea9c8ad335f6377e69b0ede7be279833cb,"calmwalrus8",GTD,$17.52,0.006258,0.000836,0.000000,0.000000,0.005421,"Balance >= $10"
233,0x62c45136978458697deb76f05ddb14c63c07ec19,"@omega7679",GTD,$17.26,0.006164,0.003622,0.000000,0.000325,0.002218,"Balance >= $10"
234,0x9160393c3aaf562697f10c687720b3c17ca3f697,"wary_rooster",GTD,$17.22,0.006150,0.000008,0.000045,0.000000,0.006097,"Balance >= $10"
235,0x7B104FA7cf4FbD8b7D65195DfA3eC2DED952AB85,"@Phongkuc",GTD,$17.13,0.006118,0.006109,0.000000,0.000000,0.000009,"Balance >= $10"
236,0xa04c0988f6e41f00b5958bae02b23f307dde9877,"midnightfern551",GTD,$17.09,0.006105,0.006103,0.000000,0.000000,0.000001,"Balance >= $10"
237,0xf1087ba4f53781ad2739c9f1b34c8a111b0fc3f0,"@hieucocghe",GTD,$17.07,0.006097,0.005758,0.000000,0.000000,0.000339,"Balance >= $10"
238,0xdfF1a5dc565a2D8d0C2818f8B190ca8399B869b3,"@Furbi59360",GTD,$17.06,0.006093,0.006061,0.000000,0.000000,0.000032,"Balance >= $10"
239,0xde24c651e776ee2e6e9d0cb121cd70bd6cae9273,"@bhoibravo99",GTD,$17.06,0.006093,0.004066,0.000000,0.000000,0.002026,"Balance >= $10"
240,0x0f0a4f9f11f529275e336cbedd28f29738bf5380,"autumnbreeze892",GTD,$17.05,0.006090,0.006088,0.000000,0.000000,0.000001,"Balance >= $10"
241,0xFACb4f4Cf6ab7e3fbA3Cae8E10FE67E22c6fa535,"@cryptoakun2",GTD,$17.04,0.006086,0.005901,0.000113,0.000000,0.000073,"Balance >= $10"
242,0xFdb0490f793108D8fC692C709C27E4a7855A9142,"pavel256",GTD,$16.94,0.006050,0.005675,0.000000,0.000000,0.000375,"Balance >= $10"
243,0xCD66A71ABD5FDC5e2515B7a8119a9498Ddb104d1,"@cookpaty16",GTD,$16.68,0.005957,0.001531,0.004004,0.000000,0.000422,"Balance >= $10"
244,0x617937e04be23e3c2b49b6c06b39991bd685e6d7,"SerenityHazz",GTD,$16.59,0.005925,0.004929,0.000042,0.000000,0.000954,"Balance >= $10"
245,0x01188B0F3f7ba7633fd9e3F023419dA299b0bC91,"@DhruvRevived",GTD,$16.53,0.005903,0.000875,0.001828,0.000213,0.002987,"Balance >= $10"
246,0xa8cc379059942f6fe1e6fc041171eb83891c9e0c,"dean2003",GTD,$16.18,0.005778,0.000000,0.000318,0.000152,0.005308,"Balance >= $10"
247,0x77170b8b2e6a397097932e9a5196076515ad2154,"@AlaricArancia",GTD,$15.88,0.005671,0.005584,0.000000,0.000087,0.000000,"Balance >= $10"
248,0x4294746458791ba8efd766432a075f050fcce2aa,"sparrow_98",GTD,$15.69,0.005605,0.000000,0.000000,0.000000,0.005605,"Balance >= $10"
249,0x73F6055c2D4E7C5c094Ee29618142f217BE44eA6,"@walirttt",GTD,$15.68,0.005599,0.002107,0.002061,0.000000,0.001431,"Balance >= $10"
250,0x826c2789088acae71b181468c3a3bf20b619c405,"gem_tundra",GTD,$15.55,0.005554,0.000000,0.000000,0.000000,0.005554,"Balance >= $10"
251,0x27e482796c69f0e4699ba3b4f0650b697a099847,"fiddle_96",GTD,$15.47,0.005524,0.000000,0.000000,0.000000,0.005524,"Balance >= $10"
252,0xbe792ed25073b33d750f44d3cae7fa755b542511,"sam_north",GTD,$15.45,0.005517,0.000000,0.000000,0.000253,0.005264,"Balance >= $10"
253,0x0b1f0e5206574956b9fc5779be6fa89dffc08ec5,"daringrosa",GTD,$15.39,0.005496,0.000008,0.000000,0.000249,0.005239,"Balance >= $10"
254,0x84861dE6d8c5caE5D3De3efCda999c11E006D706,"@Khalid87862365",GTD,$15.33,0.005475,0.004457,0.000013,0.000016,0.000990,"Balance >= $10"
255,0x166bab42a20e354e97bdc732e01bc47da4c55b39,"theo_brook",GTD,$15.25,0.005446,0.000000,0.000000,0.000146,0.005300,"Balance >= $10"
256,0xd04f788eeab099e4bd0c8347a9f5795d8b975a47,"shillfarmer",GTD,$15.25,0.005445,0.000000,0.000000,0.000000,0.005445,"Balance >= $10"
257,0xf02c166640bb739f2d7d75d5c62e2a8024a0810c,"primedegen",GTD,$15.21,0.005432,0.000008,0.000153,0.000000,0.005272,"Balance >= $10"
258,0x4803ced935c7dc0f7f4cff79387ed1d93601afbe,"jess_wild",GTD,$15.13,0.005403,0.000000,0.000000,0.000114,0.005289,"Balance >= $10"
259,0x7d59f94dd5bfd1935b4124fa2f3acd1b5ac9bb8b,"vividbidder",GTD,$15.08,0.005385,0.000000,0.000000,0.000000,0.005385,"Balance >= $10"
260,0xa19b636b18f8682bdc1445f1378e170f5c81a942,"tacotuesday41",GTD,$15.07,0.005381,0.004845,0.000121,0.000000,0.000415,"Balance >= $10"
261,0xc10fbd044efb7ac87801987fb3f431cfc5a6a373,"woodenfrog4",GTD,$15.03,0.005366,0.000000,0.000000,0.000000,0.005366,"Balance >= $10"
262,0x8e525bfce1ef40aa8075ef64e45421b5855c8909,"@eternia_xx",GTD,$14.96,0.005342,0.000473,0.004538,0.000057,0.000274,"Balance >= $10"
263,0xaeaddf6b74e2759cbd16d92314457043c6f828fc,"@azittt91",GTD,$14.95,0.005341,0.005340,0.000000,0.000000,0.000000,"Balance >= $10"
264,0xa06121E81B82F7873B840B80d68Eb920A8Bf5601,"hank_smoky",GTD,$14.92,0.005328,0.005233,0.000000,0.000000,0.000095,"Balance >= $10"
265,0x1c165182ba800758aea19c778397b43e7c9e0090,"jpeg547",GTD,$14.90,0.005321,0.000008,0.000000,0.000000,0.005313,"Balance >= $10"
266,0x3bad93c83fad56cf6cb17f6e0c47ebce35e23c5f,"mayapelican",GTD,$14.87,0.005309,0.000000,0.000000,0.000000,0.005309,"Balance >= $10"
267,0xb99982de56ca9cd8cb02051036b19b677208caf4,"dagger143",GTD,$14.75,0.005266,0.000000,0.000000,0.000000,0.005266,"Balance >= $10"
268,0xd4c3aFc6ADcE7622400759D5194e5497b162e39d,"@0xFransiska",GTD,$14.71,0.005254,0.005254,0.000000,0.000000,0.000000,"Balance >= $10"
269,0xff67ebd6ed80b24b467e696d583e9e74c8e2da64,"minthornet",GTD,$14.67,0.005241,0.000008,0.000116,0.000000,0.005117,"Balance >= $10"
270,0x434c59119fbb538d45d899c33756cb74a7755f69,"ingot_98",GTD,$14.65,0.005230,0.000008,0.000000,0.000000,0.005222,"Balance >= $10"
271,0xAb5159505074091813609B0062E10620669435E2,"@Distinctox ",GTD,$14.64,0.005229,0.002155,0.001593,0.000000,0.001481,"Balance >= $10"
272,0x9f0b10376c33fd40ffc625ab49e63a9a2eb8a7da,"jack1992",GTD,$14.62,0.005220,0.000000,0.000000,0.000000,0.005220,"Balance >= $10"
273,0x2bf697ef5f95dd7dae3ddb089a39dc02b031640e,"sats973",GTD,$14.56,0.005202,0.000000,0.000000,0.000000,0.005202,"Balance >= $10"
274,0xe326aa55f1418138f07e31e1050ac9855e47a447,"zzetTalu2vqt",GTD,$14.54,0.005194,0.004878,0.000316,0.000000,0.000000,"Balance >= $10"
275,0xa29a6ec20d7bc1b8c01a4933fab6433b45b5e7eb,"realarrow",GTD,$14.52,0.005186,0.000068,0.000000,0.000000,0.005118,"Balance >= $10"
276,0xfd1a8d4ad07253b309c7ff44e23727be09744bd3,"huskyhedge5",GTD,$14.46,0.005164,0.000008,0.000000,0.000000,0.005156,"Balance >= $10"
277,0x143fDEfc241B809f88987B8cDa459cB9E0A3270c,"@jeffie_jpg",GTD,$14.43,0.005154,0.004755,0.000000,0.000000,0.000399,"Balance >= $10"
278,0x6e7e3d240f79b639246be41876907aca8d636014,"lilseth",GTD,$14.28,0.005099,0.000000,0.000000,0.000000,0.005099,"Balance >= $10"
279,0x15b4ef401bde6c664515aab4ade8f0c8759c2fd0,"mia97car",GTD,$14.26,0.005093,0.000000,0.000000,0.000000,0.005093,"Balance >= $10"
280,0x3f5a90a1949a4451474e092e5126d7444b36beaa,"pauldomino",GTD,$14.24,0.005085,0.000000,0.000000,0.000000,0.005085,"Balance >= $10"
281,0xb056f3095ecd86188764199bb854ae4263e26e3d,"@kingalexglobal",GTD,$14.23,0.005081,0.004841,0.000000,0.000000,0.000239,"Balance >= $10"
282,0x11aad1967a6D3a67c03fE370C8d555B2Ad743889,"@lammyWEB3 ",GTD,$14.22,0.005079,0.003374,0.000059,0.000001,0.001645,"Balance >= $10"
283,0x3c6e15113b7a979575828d4b9e9c60103d0bfc40,"gmvera",GTD,$14.22,0.005078,0.000000,0.000000,0.000000,0.005078,"Balance >= $10"
284,0xc360e938c33dab2c8db130191c077448fed1f74d,"wooden_magpie",GTD,$14.21,0.005074,0.000000,0.000000,0.000000,0.005074,"Balance >= $10"
285,0xf9c7162db6b53f0a29e60ef7075cc407a7925ad0,"thewren12",GTD,$14.20,0.005073,0.000000,0.000000,0.000000,0.005073,"Balance >= $10"
286,0xd204208337d4fba364197533533c9e4aeb190804,"wagmiquill",GTD,$14.20,0.005071,0.000000,0.000000,0.000000,0.005071,"Balance >= $10"
287,0xbe6eed8533e445c2017f5af9a0f8ea1292782bfc,"eager_forge",GTD,$14.17,0.005060,0.000000,0.000000,0.000000,0.005060,"Balance >= $10"
288,0x6863c1a4d4b80fe1805485366004ef1bcef73a22,"vera227",GTD,$14.09,0.005033,0.000000,0.000000,0.000000,0.005033,"Balance >= $10"
289,0x9256aff4218c8b6c16b63d3f13230eaf0ee064ac,"minteli",GTD,$14.08,0.005028,0.000000,0.000000,0.000000,0.005028,"Balance >= $10"
290,0xb7ee45c778621cc99382ec4a4ac7b9cfd0001f69,"hashmoon",GTD,$14.06,0.005021,0.000000,0.000000,0.000000,0.005021,"Balance >= $10"
291,0x2a6f727cf2731aa17e3478cdf1730d49fe0d16ae,"sirjack",GTD,$14.04,0.005016,0.000000,0.000000,0.000000,0.005016,"Balance >= $10"
292,0x69e16dc45a09d37073f1f46f724d073463fdd83b,"lena_node",GTD,$14.04,0.005014,0.000000,0.000000,0.000000,0.005014,"Balance >= $10"
293,0x8d5e496363a88e069eb99423436cfa8d6326d75f,"cloudchaser90",GTD,$14.02,0.005008,0.005008,0.000000,0.000000,0.000000,"Balance >= $10"
294,0x281cfb2cc57a525c807e6fd6ee285945775a48bd,"web3_troop",GTD,$14.00,0.005000,0.005000,0.000000,0.000000,0.000000,"Balance >= $10"
295,0x3fd36fd143725e7fcfd61251d0fc5499e259893d,"",GTD,$13.99,0.004996,0.004418,0.000080,0.000000,0.000498,"Balance >= $10"
296,0x3728744ed7ddf61307bf83d6de3abd057e7655fc,"darkforest14",GTD,$13.90,0.004964,0.004964,0.000000,0.000000,0.000000,"Balance >= $10"
297,0x8681D003404e61B1223445679b555D119dACC22E,"@louizzeye",GTD,$13.90,0.004963,0.001434,0.000000,0.000000,0.003529,"Balance >= $10"
298,0xefa549061108f58d7c93420f2fe07e89726bbd00,"oceanwave22",GTD,$13.89,0.004961,0.004959,0.000000,0.000000,0.000001,"Balance >= $10"
299,0x2aD5BBa6DD4Ed3A8D03C48d7e3313C3B3a1Ac095,"@yousefhamidi5",GTD,$13.86,0.004948,0.002070,0.001221,0.000080,0.001577,"Balance >= $10"
300,0x1f8231Ef50E99D361B5252A24EC2eC44285367e1,"@julesgrand77",GTD,$13.78,0.004921,0.003945,0.000468,0.000205,0.000303,"Balance >= $10"
301,0xa44cd3741cfe011778d0035e6997b78ae2bd9fcc,"@oksblpp_nft",GTD,$13.73,0.004902,0.004896,0.000004,0.000000,0.000001,"Balance >= $10"
302,0xbbf00c4fb9a46a410b21073a482e3601271929c9,"silentpine88",GTD,$13.69,0.004890,0.004890,0.000000,0.000000,0.000000,"Balance >= $10"
303,0xfacc6486cee74ad82bde51d5f4cf0bb14e3fd765,"wildfern73",GTD,$13.43,0.004797,0.004797,0.000000,0.000000,0.000000,"Balance >= $10"
304,0x400b6f18c9aa9a5f8ed91507eb33cacae928004b,"@windinft",GTD,$13.35,0.004769,0.004755,0.000003,0.000000,0.000012,"Balance >= $10"
305,0x0d3c29605ede585899b943235715bdfc098100c5,"@dizarrart",GTD,$13.21,0.004718,0.004711,0.000001,0.000000,0.000006,"Balance >= $10"
306,0x8cE814f429Ae7CF0a40F5d1d5e6A0071dD1981Ec,"@Lionin017",GTD,$13.19,0.004711,0.004709,0.000001,0.000000,0.000001,"Balance >= $10"
307,0xb4ccddbc2f0b73df0208b26b0c3d4ae8d497a0d9,"@midorisann100",GTD,$13.10,0.004677,0.003645,0.000193,0.000000,0.000840,"Balance >= $10"
308,0x6dce569579ac83bcb6e081694c4ad0623671f9f9,"@mrasrix",GTD,$13.08,0.004670,0.004665,0.000002,0.000000,0.000003,"Balance >= $10"
309,0x9f9e1111954c2e00aaf0be0c116c7aa869aea90e,"@nounks_blue",GTD,$12.97,0.004633,0.003532,0.000000,0.000000,0.001101,"Balance >= $10"
310,0xc2a06c7a2d173a221c12a376c6a9000a985a7833,"@Jellystone_Sol",GTD,$12.87,0.004596,0.003623,0.000000,0.000000,0.000973,"Balance >= $10"
311,0x651d8c28Bac10B22bA1dC8a63054DE7076c64F35,"@jisotict",GTD,$12.72,0.004542,0.004399,0.000000,0.000000,0.000143,"Balance >= $10"
312,0x11a917f48296b28183f87e36c1a5e9c2c34c8bf5,"peterjwolff",GTD,$12.62,0.004508,0.004504,0.000000,0.000000,0.000004,"Balance >= $10"
313,0x2d7ec386dfa7c37ab6795b8e8376fbcb58575d39,"r3achntwrk",GTD,$12.62,0.004506,0.004504,0.000000,0.000000,0.000002,"Balance >= $10"
314,0x2F3c202114043C59B328b4a14d30D01d22C23cEB,"@Olisher01",GTD,$12.39,0.004426,0.003780,0.000053,0.000000,0.000593,"Balance >= $10"
315,0xee59B19049F47D8f233D219139BE6E5900D5BEad,"Eira_ozz",GTD,$12.17,0.004347,0.002947,0.000000,0.000000,0.001400,"Balance >= $10"
316,0x2099115A8616267008e793B91f6d4df06Ef45544,"@Bullireddy48393",GTD,$12.14,0.004335,0.004009,0.000014,0.000000,0.000313,"Balance >= $10"
317,0x60616f95789227e589ef3a397a5C37b08CCA6cf1,"@khantlay12341",GTD,$12.12,0.004330,0.002842,0.000015,0.000000,0.001472,"Balance >= $10"
318,0xd1ca398e245eacf8d0756ddf8d11a9b416dac808,"@Indivisible59",GTD,$12.00,0.004286,0.003582,0.000149,0.000000,0.000555,"Balance >= $10"
319,0xc7FF861F7305B6CFEFFaafd6691F1e34B35Ef05E,"stzdao",GTD,$11.98,0.004278,0.003103,0.000082,0.000000,0.001093,"Balance >= $10"
320,0xf8d7028ef0b01d00cdfed7f88cd2fd742fe1b48e,"@qinrzZz",GTD,$11.90,0.004248,0.004248,0.000000,0.000000,0.000000,"Balance >= $10"
321,0x6a058e759be4f86b3011815ec0dd53c76fe5c8b6,"@boje515",GTD,$11.68,0.004172,0.003286,0.000019,0.000000,0.000868,"Balance >= $10"
322,0x24BdeF7eA755c64EC2e819ee8a5578f2B64D6D96,"@Rechard1992",GTD,$11.62,0.004151,0.004122,0.000000,0.000000,0.000029,"Balance >= $10"
323,0x8a2257Ca871Acea25D850EdC2fd59fc4E0838164,"wagmi_piston",GTD,$11.48,0.004101,0.001602,0.002051,0.000022,0.000426,"Balance >= $10"
324,0x282c2A6899aDDA8e66E66BC33B58A5e9533C485F,"xqxqxq",GTD,$11.21,0.004003,0.004003,0.000000,0.000000,0.000000,"Balance >= $10"
325,0x5EaCDAd5B9C7Ba60BE26aa530bfC1a6D128A071A,"xqxeqwx",GTD,$11.21,0.004003,0.004003,0.000000,0.000000,0.000000,"Balance >= $10"
326,0x0661c7dea76034616b50d955857be8d027727df5,"funk_",GTD,$11.20,0.004000,0.004000,0.000000,0.000000,0.000000,"Balance >= $10"
327,0xc3C3E494DCC65535feae7027dAC91AE5041333Ef,"@archietecture1",GTD,$11.02,0.003937,0.000189,0.000000,0.000000,0.003748,"Balance >= $10"
328,0x850d43ABfE78C272301BB8b1A9A912bf369A9dAD,"Mayowa_tech",GTD,$10.82,0.003866,0.002475,0.000025,0.000000,0.001366,"Balance >= $10"
329,0xfb1eeb8798adafb44f1d2e0a250f825d42f5057a,"phdanyvanipe",GTD,$10.78,0.003851,0.000082,0.000001,0.000000,0.003768,"Balance >= $10"
330,0x0b740274c281ecc790ac7e59c78dfe45243c9bc4,"@jaynniefa",GTD,$10.73,0.003834,0.000432,0.000038,0.000000,0.003363,"Balance >= $10"
331,0xf7861C0efEBE8a0f8bA2F465f392168D4A3b0a56,"@rizax_fauzi",GTD,$10.69,0.003817,0.003701,0.000000,0.000056,0.000060,"Balance >= $10"
332,0xB511e9ffc709F32Ca850241242Da2c6a67b76A41,"lonelykettle",GTD,$10.61,0.003790,0.001574,0.002171,0.000000,0.000044,"Balance >= $10"
333,0x6831661bbE997D5C509f8Ad0b231DD527179A77c,"@Angsuni",GTD,$10.17,0.003633,0.003633,0.000000,0.000000,0.000000,"Balance >= $10"
334,0x04af0d9188024ca34e70cb24387e36f463eecc21,"@hexazor0x",GTD,$10.15,0.003627,0.003011,0.000003,0.000000,0.000613,"Balance >= $10"
335,0xDF433AccAE96dbD048011e73FAa5b1DeB7223fb9,"@deadmancantcry",GTD,$0.00,0.000000,0.000000,0.000000,0.000000,0.000000,"Admin / Holder GTD"